"","Sum Sq","Mean Sq","NumDF","DenDF","F value","Pr(>F)"
"SiteType",3.35814188260577,1.67907094130288,2,9.98434524279442,5.4203221136358,0.0254784501405981
"Treatment",60.6779174444628,20.2259724814876,3,247.104380678882,65.2928846602622,4.01214008856187e-31
"Slope_AvgBasinwide_pct",4.61593755259193,4.61593755259193,1,9.93489247223402,14.9010328946674,0.00319774655298187
"SiteType:Treatment",11.2574417286999,1.87624028811665,6,247.104199930106,6.05682314946749,6.2227219817998e-06
