Treatment,emmean,SE,df,lower.CL,upper.CL,.group
P,2.75678814231535,0.0963985297928612,47.9855919884053,2.50732546242542,3.00625082220529, a  
C,3.18388763940665,0.0969930274126978,49.1310719786512,2.93311339763265,3.43466188118065,  b 
N,4.04020646769526,0.0965762180773619,48.2805497391249,3.79034319638522,4.2900697390053,   c
NP,4.08279953775733,0.0970287445769676,49.2283353686391,3.8319517190388,4.33364735647586,   c
