"","Sum Sq","Mean Sq","NumDF","DenDF","F value","Pr(>F)"
"Treatment",44.7592764403069,14.9197588134356,3,312.15323042683,42.4915433081514,4.71386251656853e-23
"CanOpen_frac",0.0655703832938097,0.0655703832938097,1,15.7116874672752,0.1867447607631,0.671512048006647
"Treatment:CanOpen_frac",2.82643820631369,0.94214606877123,3,312.151528552084,2.68323644038944,0.0468382118577162
