Treatment,CanOpen_frac,emmean,SE,df,lower.CL,upper.CL,.group
P,0.567978998974382,2.58975346001368,0.133513235748794,22.8120160246527,2.31343429512923,2.86607262489813, a  
C,0.567978998974382,3.11962913859349,0.135304170688215,24.0201745040551,2.84038746667341,3.39887081051357,  b 
NP,0.567978998974382,4.0094873119597,0.134689553097549,23.6157544908419,3.73126218765369,4.28771243626571,   c
N,0.567978998974382,4.07684435247071,0.134022709819106,23.1361254174274,3.79968748833282,4.3540012166086,   c
